ID,Location,Date,Time
green,hi,2016-02-23 23:27:19.076277
blue,hi,2016-02-23 23:27:19.076585
grey,hi,2016-02-23 23:27:19.077050
green,hi,2016-02-23 23:27:19.078096
blue,hi,2016-02-23 23:27:19.078719
grey,hi,2016-02-23 23:27:19.079140
green,hi,2016-02-23 23:27:19.310933
blue,hi,2016-02-23 23:27:19.311566
grey,hi,2016-02-23 23:27:19.312331
green,hi,2016-02-23 23:27:19.313740
blue,hi,2016-02-23 23:27:19.314729
grey,hi,2016-02-23 23:27:19.315460
green,hi,2016-02-23 23:27:19.930997
blue,hi,2016-02-23 23:27:19.931492
grey,hi,2016-02-23 23:27:19.932123
green,hi,2016-02-23 23:27:19.934262
blue,hi,2016-02-23 23:27:19.934661
grey,hi,2016-02-23 23:27:19.935098
green,hi,2016-02-23 23:27:31.121019
blue,hi,2016-02-23 23:27:31.121306
grey,hi,2016-02-23 23:27:31.121612
green,hi,2016-02-23 23:27:31.122394
blue,hi,2016-02-23 23:27:31.122635
grey,hi,2016-02-23 23:27:31.123141
green,hi,2016-02-23 23:27:31.330989
blue,hi,2016-02-23 23:27:31.331487
grey,hi,2016-02-23 23:27:31.331920
green,hi,2016-02-23 23:27:31.552106
blue,hi,2016-02-23 23:27:31.552635
grey,hi,2016-02-23 23:27:31.553259
green,hi,2016-02-23 23:27:31.564651
blue,hi,2016-02-23 23:27:31.564797
grey,hi,2016-02-23 23:27:31.564937
green,hi,2016-02-23 23:27:31.615686
blue,hi,2016-02-23 23:27:31.616302
grey,hi,2016-02-23 23:27:31.616992
green,hi,2016-02-23 23:27:31.625787
blue,hi,2016-02-23 23:27:31.626168
grey,hi,2016-02-23 23:27:31.626476
green,hi,2016-02-23 23:27:31.633069
blue,hi,2016-02-23 23:27:31.633499
grey,hi,2016-02-23 23:27:31.633959
green,hi,2016-02-23 23:27:31.639819
blue,hi,2016-02-23 23:27:31.640577
grey,hi,2016-02-23 23:27:31.641290
green,hi,2016-02-23 23:27:34.314386
blue,hi,2016-02-23 23:27:34.314826
grey,hi,2016-02-23 23:27:34.315218
green,hi,2016-02-23 23:27:34.316082
blue,hi,2016-02-23 23:27:34.316807
grey,hi,2016-02-23 23:27:34.317226
green,hi,2016-02-23 23:27:37.473977
blue,hi,2016-02-23 23:27:37.474611
grey,hi,2016-02-23 23:27:37.475172
green,hi,2016-02-23 23:27:37.476172
blue,hi,2016-02-23 23:27:37.476701
grey,hi,2016-02-23 23:27:37.477473
green,hi,2016-02-23 23:27:37.630831
blue,hi,2016-02-23 23:27:37.631201
grey,hi,2016-02-23 23:27:37.631857
green,hi,2016-02-23 23:27:37.674324
green,hi,2016-02-23 23:27:37.677535
blue,hi,2016-02-23 23:27:37.677840
grey,hi,2016-02-23 23:27:37.678385
green,hi,2016-02-23 23:27:37.709166
blue,hi,2016-02-23 23:27:37.709573
grey,hi,2016-02-23 23:27:37.709875
green,hi,2016-02-23 23:27:37.714591
blue,hi,2016-02-23 23:27:37.714911
grey,hi,2016-02-23 23:27:37.715138
green,hi,2016-02-23 23:27:38.299326
blue,hi,2016-02-23 23:27:38.299736
grey,hi,2016-02-23 23:27:38.300409
green,hi,2016-02-23 23:27:38.305275
blue,hi,2016-02-23 23:27:38.305549
grey,hi,2016-02-23 23:27:38.305900
green,hi,2016-02-23 23:27:38.312152
blue,hi,2016-02-23 23:27:38.312536
grey,hi,2016-02-23 23:27:38.313036
green,hi,2016-02-23 23:27:38.316611
blue,hi,2016-02-23 23:27:38.316977
grey,hi,2016-02-23 23:27:38.317238
green,hi,2016-02-23 23:27:38.318150
blue,hi,2016-02-23 23:27:38.318396
grey,hi,2016-02-23 23:27:38.319179
green,hi,2016-02-23 23:27:38.325631
blue,hi,2016-02-23 23:27:38.326043
grey,hi,2016-02-23 23:27:38.326327
green,hi,2016-02-23 23:27:38.332381
blue,hi,2016-02-23 23:27:38.333184
grey,hi,2016-02-23 23:27:38.333841
green,hi,2016-02-23 23:27:38.338896
blue,hi,2016-02-23 23:27:38.339239
grey,hi,2016-02-23 23:27:38.339546
green,hi,2016-02-23 23:27:38.343273
blue,hi,2016-02-23 23:27:38.343556
grey,hi,2016-02-23 23:27:38.343815
green,hi,2016-02-23 23:27:39.049020
blue,hi,2016-02-23 23:27:39.049315
grey,hi,2016-02-23 23:27:39.049987
green,hi,2016-02-23 23:27:39.051631
blue,hi,2016-02-23 23:27:39.052128
grey,hi,2016-02-23 23:27:39.052458
green,hi,2016-02-23 23:27:47.664193
blue,hi,2016-02-23 23:27:47.664520
grey,hi,2016-02-23 23:27:47.665021
green,hi,2016-02-23 23:27:47.665782
blue,hi,2016-02-23 23:27:47.666079
grey,hi,2016-02-23 23:27:47.667169
green,hi,2016-02-23 23:27:49.164902
blue,hi,2016-02-23 23:27:49.165185
grey,hi,2016-02-23 23:27:49.165462
green,hi,2016-02-23 23:27:49.166460
blue,hi,2016-02-23 23:27:49.167381
grey,hi,2016-02-23 23:27:49.167633
green,hi,2016-02-23 23:27:52.841224
green,hi,2016-02-23 23:27:52.910003
blue,hi,2016-02-23 23:27:52.910224
grey,hi,2016-02-23 23:27:52.910588
green,hi,2016-02-23 23:27:52.943569
blue,hi,2016-02-23 23:27:52.946710
grey,hi,2016-02-23 23:27:52.950129
green,hi,2016-02-23 23:27:52.963518
blue,hi,2016-02-23 23:27:52.963804
grey,hi,2016-02-23 23:27:52.965657
green,hi,2016-02-23 23:27:52.971354
blue,hi,2016-02-23 23:27:52.971763
grey,hi,2016-02-23 23:27:52.972126
green,hi,2016-02-23 23:27:52.978121
blue,hi,2016-02-23 23:27:52.978372
grey,hi,2016-02-23 23:27:52.978701
green,hi,2016-02-23 23:27:52.980042
blue,hi,2016-02-23 23:27:52.980462
grey,hi,2016-02-23 23:27:52.980827
green,hi,2016-02-23 23:27:54.475337
blue,hi,2016-02-23 23:27:54.475783
grey,hi,2016-02-23 23:27:54.476273
green,hi,2016-02-23 23:27:55.780889
blue,hi,2016-02-23 23:27:55.781254
grey,hi,2016-02-23 23:27:55.781556
green,hi,2016-02-23 23:27:59.084038
blue,hi,2016-02-23 23:27:59.084512
grey,hi,2016-02-23 23:27:59.084936
green,hi,2016-02-23 23:28:00.066942
blue,hi,2016-02-23 23:28:00.067341
grey,hi,2016-02-23 23:28:00.067863
green,hi,2016-02-23 23:28:00.069138
blue,hi,2016-02-23 23:28:00.069467
grey,hi,2016-02-23 23:28:00.070123
green,hi,2016-02-23 23:28:00.728138
blue,hi,2016-02-23 23:28:00.728423
grey,hi,2016-02-23 23:28:00.728768
green,hi,2016-02-23 23:28:22.108470
blue,hi,2016-02-23 23:28:22.109146
grey,hi,2016-02-23 23:28:22.109714
green,hi,2016-02-23 23:28:24.061762
blue,hi,2016-02-23 23:28:24.062109
grey,hi,2016-02-23 23:28:24.062914
green,hi,2016-02-23 23:28:24.064588
blue,hi,2016-02-23 23:28:24.064952
grey,hi,2016-02-23 23:28:24.065302
green,hi,2016-02-23 23:28:32.231139
blue,hi,2016-02-23 23:28:32.231453
grey,hi,2016-02-23 23:28:32.231949
green,hi,2016-02-23 23:28:32.232642
blue,hi,2016-02-23 23:28:32.232945
grey,hi,2016-02-23 23:28:32.233425
green,hi,2016-02-23 23:28:32.641319
blue,hi,2016-02-23 23:28:32.641983
grey,hi,2016-02-23 23:28:32.643210
green,hi,2016-02-23 23:28:32.646160
blue,hi,2016-02-23 23:28:32.646913
grey,hi,2016-02-23 23:28:32.648383
green,hi,2016-02-23 23:28:32.773792
blue,hi,2016-02-23 23:28:32.774632
grey,hi,2016-02-23 23:28:32.775178
green,hi,2016-02-23 23:28:32.777685
blue,hi,2016-02-23 23:28:32.778273
grey,hi,2016-02-23 23:28:32.783029
green,hi,2016-02-23 23:28:34.006259
blue,hi,2016-02-23 23:28:34.006646
grey,hi,2016-02-23 23:28:34.006884
green,hi,2016-02-23 23:28:55.809060
blue,hi,2016-02-23 23:28:55.809422
grey,hi,2016-02-23 23:28:55.809734
green,hi,2016-02-23 23:28:56.977796
blue,hi,2016-02-23 23:28:56.978102
grey,hi,2016-02-23 23:28:56.978652
green,hi,2016-02-23 23:28:59.224934
blue,hi,2016-02-23 23:28:59.225427
grey,hi,2016-02-23 23:28:59.225891
green,hi,2016-02-23 23:28:59.375958
blue,hi,2016-02-23 23:28:59.376248
grey,hi,2016-02-23 23:28:59.376719
green,hi,2016-02-23 23:29:00.522016
blue,hi,2016-02-23 23:29:00.522341
grey,hi,2016-02-23 23:29:00.522651
green,hi,2016-02-23 23:29:00.635868
blue,hi,2016-02-23 23:29:00.636927
grey,hi,2016-02-23 23:29:00.638353
green,hi,2016-02-23 23:29:00.642765
blue,hi,2016-02-23 23:29:00.655988
grey,hi,2016-02-23 23:29:00.656947
green,hi,2016-02-23 23:29:00.753188
blue,hi,2016-02-23 23:29:00.754115
grey,hi,2016-02-23 23:29:00.756754
green,hi,2016-02-23 23:29:00.759126
blue,hi,2016-02-23 23:29:00.759619
grey,hi,2016-02-23 23:29:00.760353
green,hi,2016-02-23 23:29:03.652064
blue,hi,2016-02-23 23:29:03.652523
grey,hi,2016-02-23 23:29:03.652718
green,hi,2016-02-23 23:29:04.730683
blue,hi,2016-02-23 23:29:04.731061
grey,hi,2016-02-23 23:29:04.731405
green,hi,2016-02-23 23:29:04.732519
blue,hi,2016-02-23 23:29:04.732870
grey,hi,2016-02-23 23:29:04.733644
green,hi,2016-02-23 23:29:04.827347
blue,hi,2016-02-23 23:29:04.827796
grey,hi,2016-02-23 23:29:04.828123
green,hi,2016-02-23 23:29:05.433354
blue,hi,2016-02-23 23:29:05.433745
grey,hi,2016-02-23 23:29:05.434301
green,hi,2016-02-23 23:29:10.292695
blue,hi,2016-02-23 23:29:10.293060
grey,hi,2016-02-23 23:29:10.293675
green,hi,2016-02-23 23:29:10.474845
blue,hi,2016-02-23 23:29:10.475163
grey,hi,2016-02-23 23:29:10.475713
green,hi,2016-02-23 23:29:10.476587
blue,hi,2016-02-23 23:29:10.477041
grey,hi,2016-02-23 23:29:10.477505
green,hi,2016-02-23 23:29:12.854591
blue,hi,2016-02-23 23:29:12.854981
grey,hi,2016-02-23 23:29:12.855605
green,hi,2016-02-23 23:29:14.842578
blue,hi,2016-02-23 23:29:14.842738
grey,hi,2016-02-23 23:29:14.842900
green,hi,2016-02-23 23:29:14.883055
blue,hi,2016-02-23 23:29:14.883290
grey,hi,2016-02-23 23:29:14.883523
green,hi,2016-02-23 23:29:15.034979
blue,hi,2016-02-23 23:29:15.035772
grey,hi,2016-02-23 23:29:15.036539
green,hi,2016-02-23 23:29:15.146113
green,hi,2016-02-23 23:29:15.150118
blue,hi,2016-02-23 23:29:15.150805
grey,hi,2016-02-23 23:29:15.151461
green,hi,2016-02-23 23:29:16.063173
blue,hi,2016-02-23 23:29:16.063523
grey,hi,2016-02-23 23:29:16.063884
green,hi,2016-02-23 23:29:16.065031
blue,hi,2016-02-23 23:29:16.065827
grey,hi,2016-02-23 23:29:16.066459
green,hi,2016-02-23 23:29:30.417465
blue,hi,2016-02-23 23:29:30.418237
grey,hi,2016-02-23 23:29:30.419478
green,hi,2016-02-23 23:29:30.422407
blue,hi,2016-02-23 23:29:30.423023
grey,hi,2016-02-23 23:29:30.423993
green,hi,2016-02-23 23:29:30.621023
blue,hi,2016-02-23 23:29:30.621573
grey,hi,2016-02-23 23:29:30.623474
green,hi,2016-02-23 23:29:30.626230
blue,hi,2016-02-23 23:29:30.627987
grey,hi,2016-02-23 23:29:30.628971
green,hi,2016-02-23 23:29:30.762392
blue,hi,2016-02-23 23:29:30.764096
grey,hi,2016-02-23 23:29:30.764725
green,hi,2016-02-23 23:29:30.851097
blue,hi,2016-02-23 23:29:30.851398
grey,hi,2016-02-23 23:29:30.851987
green,hi,2016-02-23 23:29:30.856760
blue,hi,2016-02-23 23:29:30.857171
grey,hi,2016-02-23 23:29:30.857603
green,hi,2016-02-23 23:29:31.625047
blue,hi,2016-02-23 23:29:31.625738
grey,hi,2016-02-23 23:29:31.626448
green,hi,2016-02-23 23:29:31.628629
blue,hi,2016-02-23 23:29:31.629078
grey,hi,2016-02-23 23:29:31.629665
green,hi,2016-02-23 23:29:42.420939
blue,hi,2016-02-23 23:29:42.424107
grey,hi,2016-02-23 23:29:42.424907
green,hi,2016-02-23 23:29:42.423129
green,hi,2016-02-23 23:29:46.015723
blue,hi,2016-02-23 23:29:46.016135
grey,hi,2016-02-23 23:29:46.016586
green,hi,2016-02-23 23:29:46.017838
blue,hi,2016-02-23 23:29:46.018347
grey,hi,2016-02-23 23:29:46.018630
green,hi,2016-02-23 23:29:54.523755
blue,hi,2016-02-23 23:29:54.524209
grey,hi,2016-02-23 23:29:54.524525
green,hi,2016-02-23 23:29:54.525307
blue,hi,2016-02-23 23:29:54.525565
grey,hi,2016-02-23 23:29:54.525999
green,hi,2016-02-23 23:29:55.119703
blue,hi,2016-02-23 23:29:55.120053
grey,hi,2016-02-23 23:29:55.123430
green,hi,2016-02-23 23:29:55.124969
blue,hi,2016-02-23 23:29:55.125619
grey,hi,2016-02-23 23:29:55.126247
green,hi,2016-02-23 23:29:56.201683
blue,hi,2016-02-23 23:29:56.202045
grey,hi,2016-02-23 23:29:56.202603
green,hi,2016-02-23 23:29:56.203782
blue,hi,2016-02-23 23:29:56.204483
grey,hi,2016-02-23 23:29:56.205037
green,hi,2016-02-23 23:29:57.045128
blue,hi,2016-02-23 23:29:57.045491
grey,hi,2016-02-23 23:29:57.045850
green,hi,2016-02-23 23:29:57.050940
blue,hi,2016-02-23 23:29:57.051600
grey,hi,2016-02-23 23:29:57.052095
green,hi,2016-02-23 23:29:57.059337
blue,hi,2016-02-23 23:29:57.059685
grey,hi,2016-02-23 23:29:57.060185
green,hi,2016-02-23 23:29:57.063263
blue,hi,2016-02-23 23:29:57.064022
grey,hi,2016-02-23 23:29:57.066579
green,hi,2016-02-23 23:29:57.070031
blue,hi,2016-02-23 23:29:57.071605
grey,hi,2016-02-23 23:29:57.073450
green,hi,2016-02-23 23:29:57.076300
blue,hi,2016-02-23 23:29:57.250350
grey,hi,2016-02-23 23:29:57.250901
green,hi,2016-02-23 23:29:57.252001
blue,hi,2016-02-23 23:29:57.252654
grey,hi,2016-02-23 23:29:57.253252
green,hi,2016-02-23 23:29:58.372121
blue,hi,2016-02-23 23:29:58.372540
grey,hi,2016-02-23 23:29:58.373121
green,hi,2016-02-23 23:29:58.374253
blue,hi,2016-02-23 23:29:58.374463
grey,hi,2016-02-23 23:29:58.375633
green,hi,2016-02-23 23:29:58.988092
blue,hi,2016-02-23 23:29:58.988443
grey,hi,2016-02-23 23:29:58.988912
green,hi,2016-02-23 23:29:58.990033
blue,hi,2016-02-23 23:29:58.990657
grey,hi,2016-02-23 23:29:58.991240
green,hi,2016-02-23 23:29:59.149528
blue,hi,2016-02-23 23:29:59.149983
grey,hi,2016-02-23 23:29:59.150402
green,hi,2016-02-23 23:29:59.301510
blue,hi,2016-02-23 23:29:59.302286
grey,hi,2016-02-23 23:29:59.303680
green,hi,2016-02-23 23:29:59.307654
blue,hi,2016-02-23 23:29:59.309027
grey,hi,2016-02-23 23:29:59.310094
green,hi,2016-02-23 23:29:59.461356
blue,hi,2016-02-23 23:29:59.461673
grey,hi,2016-02-23 23:29:59.462154
green,hi,2016-02-23 23:29:59.625404
blue,hi,2016-02-23 23:29:59.626008
grey,hi,2016-02-23 23:29:59.627265
green,hi,2016-02-23 23:30:01.030649
blue,hi,2016-02-23 23:30:01.030943
grey,hi,2016-02-23 23:30:01.031435
green,hi,2016-02-23 23:30:01.034485
blue,hi,2016-02-23 23:30:01.034892
grey,hi,2016-02-23 23:30:01.035280
green,hi,2016-02-23 23:30:01.340199
blue,hi,2016-02-23 23:30:01.340859
grey,hi,2016-02-23 23:30:01.341192
green,hi,2016-02-23 23:30:01.342590
blue,hi,2016-02-23 23:30:01.342924
grey,hi,2016-02-23 23:30:01.343267
green,hi,2016-02-23 23:30:02.300548
blue,hi,2016-02-23 23:30:02.300985
grey,hi,2016-02-23 23:30:02.301440
green,hi,2016-02-23 23:30:02.302687
blue,hi,2016-02-23 23:30:02.302976
grey,hi,2016-02-23 23:30:02.303247
green,hi,2016-02-23 23:30:03.397769
blue,hi,2016-02-23 23:30:03.398066
grey,hi,2016-02-23 23:30:03.398597
green,hi,2016-02-23 23:30:03.399693
blue,hi,2016-02-23 23:30:03.400408
grey,hi,2016-02-23 23:30:03.400755
green,hi,2016-02-23 23:30:03.453772
blue,hi,2016-02-23 23:30:03.454383
grey,hi,2016-02-23 23:30:03.455396
green,hi,2016-02-23 23:30:04.265451
blue,hi,2016-02-23 23:30:04.265744
grey,hi,2016-02-23 23:30:04.266188
green,hi,2016-02-23 23:30:04.267064
blue,hi,2016-02-23 23:30:04.267700
grey,hi,2016-02-23 23:30:04.268230
green,hi,2016-02-23 23:30:08.980670
blue,hi,2016-02-23 23:30:08.982362
grey,hi,2016-02-23 23:30:08.982661
green,hi,2016-02-23 23:30:13.634587
blue,hi,2016-02-23 23:30:13.634878
grey,hi,2016-02-23 23:30:13.635420
green,hi,2016-02-23 23:30:14.470929
blue,hi,2016-02-23 23:30:14.471259
grey,hi,2016-02-23 23:30:14.471748
green,hi,2016-02-23 23:30:14.472741
blue,hi,2016-02-23 23:30:14.473478
grey,hi,2016-02-23 23:30:14.473816
green,hi,2016-02-23 23:30:15.518000
blue,hi,2016-02-23 23:30:15.518393
grey,hi,2016-02-23 23:30:15.519078
green,hi,2016-02-23 23:30:15.520739
blue,hi,2016-02-23 23:30:15.521868
grey,hi,2016-02-23 23:30:15.522218
green,hi,2016-02-23 23:30:15.720749
blue,hi,2016-02-23 23:30:15.721086
grey,hi,2016-02-23 23:30:15.721619
green,hi,2016-02-23 23:30:15.722509
blue,hi,2016-02-23 23:30:15.723745
grey,hi,2016-02-23 23:30:15.724339
green,hi,2016-02-23 23:30:15.958775
blue,hi,2016-02-23 23:30:15.959417
grey,hi,2016-02-23 23:30:15.959846
green,hi,2016-02-23 23:30:15.963954
blue,hi,2016-02-23 23:30:15.964368
grey,hi,2016-02-23 23:30:15.964744
green,hi,2016-02-23 23:30:16.012571
blue,hi,2016-02-23 23:30:16.013011
grey,hi,2016-02-23 23:30:16.013413
green,hi,2016-02-23 23:30:16.018571
blue,hi,2016-02-23 23:30:16.019275
grey,hi,2016-02-23 23:30:16.019622
green,hi,2016-02-23 23:30:16.102711
blue,hi,2016-02-23 23:30:16.103325
grey,hi,2016-02-23 23:30:16.103966
green,hi,2016-02-23 23:30:16.104893
blue,hi,2016-02-23 23:30:16.105462
grey,hi,2016-02-23 23:30:16.106257
green,hi,2016-02-23 23:30:16.171054
blue,hi,2016-02-23 23:30:16.171684
grey,hi,2016-02-23 23:30:16.172696
green,hi,2016-02-23 23:30:16.175756
blue,hi,2016-02-23 23:30:16.176793
grey,hi,2016-02-23 23:30:16.177429
green,hi,2016-02-23 23:30:16.186669
blue,hi,2016-02-23 23:30:16.187064
grey,hi,2016-02-23 23:30:16.187592
green,hi,2016-02-23 23:30:16.304309
blue,hi,2016-02-23 23:30:16.304809
grey,hi,2016-02-23 23:30:16.305259
green,hi,2016-02-23 23:30:16.307421
blue,hi,2016-02-23 23:30:16.307756
grey,hi,2016-02-23 23:30:16.308015
green,hi,2016-02-23 23:30:16.768206
blue,hi,2016-02-23 23:30:16.768718
grey,hi,2016-02-23 23:30:16.769317
green,hi,2016-02-23 23:30:16.770670
blue,hi,2016-02-23 23:30:16.771311
grey,hi,2016-02-23 23:30:16.771649
green,hi,2016-02-23 23:30:16.795826
blue,hi,2016-02-23 23:30:16.796149
grey,hi,2016-02-23 23:30:16.796520
green,hi,2016-02-23 23:30:16.884431
blue,hi,2016-02-23 23:30:16.884730
grey,hi,2016-02-23 23:30:16.885263
green,hi,2016-02-23 23:30:18.097000
blue,hi,2016-02-23 23:30:18.104661
grey,hi,2016-02-23 23:30:18.105365
green,hi,2016-02-23 23:30:18.195934
blue,hi,2016-02-23 23:30:18.196901
grey,hi,2016-02-23 23:30:18.197218
green,hi,2016-02-23 23:30:18.200125
blue,hi,2016-02-23 23:30:18.200637
grey,hi,2016-02-23 23:30:18.202316
green,hi,2016-02-23 23:30:18.360918
blue,hi,2016-02-23 23:30:18.361217
grey,hi,2016-02-23 23:30:18.361457
green,hi,2016-02-23 23:30:18.362475
blue,hi,2016-02-23 23:30:18.362827
grey,hi,2016-02-23 23:30:18.363711
green,hi,2016-02-23 23:30:18.468825
blue,hi,2016-02-23 23:30:18.469542
grey,hi,2016-02-23 23:30:18.470001
green,hi,2016-02-23 23:30:18.607062
blue,hi,2016-02-23 23:30:18.607400
grey,hi,2016-02-23 23:30:18.607624
green,hi,2016-02-23 23:30:18.647213
blue,hi,2016-02-23 23:30:18.648156
grey,hi,2016-02-23 23:30:18.648626
green,hi,2016-02-23 23:30:18.795251
blue,hi,2016-02-23 23:30:18.796486
grey,hi,2016-02-23 23:30:18.797211
green,hi,2016-02-23 23:30:18.810245
blue,hi,2016-02-23 23:30:18.810667
grey,hi,2016-02-23 23:30:18.810941
green,hi,2016-02-23 23:30:18.811970
blue,hi,2016-02-23 23:30:18.812253
grey,hi,2016-02-23 23:30:18.812561
green,hi,2016-02-23 23:30:19.280649
blue,hi,2016-02-23 23:30:19.281887
grey,hi,2016-02-23 23:30:19.282861
green,hi,2016-02-23 23:30:23.637152
blue,hi,2016-02-23 23:30:23.637452
grey,hi,2016-02-23 23:30:23.638017
green,hi,2016-02-23 23:30:23.886282
blue,hi,2016-02-23 23:30:23.886683
grey,hi,2016-02-23 23:30:23.887080
green,hi,2016-02-23 23:30:23.888364
blue,hi,2016-02-23 23:30:23.889434
grey,hi,2016-02-23 23:30:23.889817
green,hi,2016-02-23 23:30:24.848577
blue,hi,2016-02-23 23:30:24.848882
grey,hi,2016-02-23 23:30:24.849252
green,hi,2016-02-23 23:30:24.850632
blue,hi,2016-02-23 23:30:24.851117
grey,hi,2016-02-23 23:30:24.851797
green,hi,2016-02-23 23:30:25.169721
blue,hi,2016-02-23 23:30:25.169975
grey,hi,2016-02-23 23:30:25.170183
green,hi,2016-02-23 23:30:25.423888
blue,hi,2016-02-23 23:30:25.424307
grey,hi,2016-02-23 23:30:25.424947
green,hi,2016-02-23 23:30:25.426288
blue,hi,2016-02-23 23:30:25.427512
grey,hi,2016-02-23 23:30:25.427961
green,hi,2016-02-23 23:30:26.576898
blue,hi,2016-02-23 23:30:26.577326
grey,hi,2016-02-23 23:30:26.577913
green,hi,2016-02-23 23:30:26.581272
blue,hi,2016-02-23 23:30:26.581530
grey,hi,2016-02-23 23:30:26.581856
green,hi,2016-02-23 23:30:26.754070
blue,hi,2016-02-23 23:30:26.754832
grey,hi,2016-02-23 23:30:26.755377
green,hi,2016-02-23 23:30:27.687522
blue,hi,2016-02-23 23:30:27.688272
grey,hi,2016-02-23 23:30:27.688872
green,hi,2016-02-23 23:30:27.692433
blue,hi,2016-02-23 23:30:27.692993
grey,hi,2016-02-23 23:30:27.693331
green,hi,2016-02-23 23:30:27.758798
blue,hi,2016-02-23 23:30:27.759195
grey,hi,2016-02-23 23:30:27.759538
green,hi,2016-02-23 23:30:28.272584
blue,hi,2016-02-23 23:30:28.272913
grey,hi,2016-02-23 23:30:28.273405
green,hi,2016-02-23 23:30:28.274464
blue,hi,2016-02-23 23:30:28.275137
grey,hi,2016-02-23 23:30:28.275609
green,hi,2016-02-23 23:30:29.007830
blue,hi,2016-02-23 23:30:29.008278
grey,hi,2016-02-23 23:30:29.008663
green,hi,2016-02-23 23:30:29.010057
blue,hi,2016-02-23 23:30:29.010789
grey,hi,2016-02-23 23:30:29.011447
green,hi,2016-02-23 23:30:29.017776
blue,hi,2016-02-23 23:30:29.018039
grey,hi,2016-02-23 23:30:29.018282
green,hi,2016-02-23 23:30:29.144105
blue,hi,2016-02-23 23:30:29.144670
grey,hi,2016-02-23 23:30:29.145017
green,hi,2016-02-23 23:30:29.146897
blue,hi,2016-02-23 23:30:29.147219
grey,hi,2016-02-23 23:30:29.147528
blue,hi,2016-02-23 23:30:29.229099
grey,hi,2016-02-23 23:30:29.229303
green,hi,2016-02-23 23:30:29.228850
green,hi,2016-02-23 23:30:31.250951
blue,hi,2016-02-23 23:30:31.251444
grey,hi,2016-02-23 23:30:31.251922
green,hi,2016-02-23 23:30:31.254541
blue,hi,2016-02-23 23:30:31.254793
grey,hi,2016-02-23 23:30:31.255170
green,hi,2016-02-23 23:30:31.296109
blue,hi,2016-02-23 23:30:31.296495
grey,hi,2016-02-23 23:30:31.297080
green,hi,2016-02-23 23:30:31.298042
blue,hi,2016-02-23 23:30:31.298349
grey,hi,2016-02-23 23:30:31.298968
green,hi,2016-02-23 23:30:31.377939
blue,hi,2016-02-23 23:30:31.378620
grey,hi,2016-02-23 23:30:31.379207
green,hi,2016-02-23 23:30:31.382435
blue,hi,2016-02-23 23:30:31.383010
grey,hi,2016-02-23 23:30:31.384040
green,hi,2016-02-23 23:30:31.424497
blue,hi,2016-02-23 23:30:31.424964
grey,hi,2016-02-23 23:30:31.425346
green,hi,2016-02-23 23:30:32.192316
blue,hi,2016-02-23 23:30:32.193073
grey,hi,2016-02-23 23:30:32.193898
green,hi,2016-02-23 23:30:32.197290
blue,hi,2016-02-23 23:30:32.198560
grey,hi,2016-02-23 23:30:32.199676
green,hi,2016-02-23 23:30:51.624016
blue,hi,2016-02-23 23:30:51.624283
grey,hi,2016-02-23 23:30:51.624492
green,hi,2016-02-23 23:30:54.838300
blue,hi,2016-02-23 23:30:54.838485
grey,hi,2016-02-23 23:30:54.838658
green,hi,2016-02-23 23:30:54.860116
blue,hi,2016-02-23 23:30:54.860530
grey,hi,2016-02-23 23:30:54.860773
green,hi,2016-02-23 23:30:57.637718
blue,hi,2016-02-23 23:30:57.638029
grey,hi,2016-02-23 23:30:57.638322
green,hi,2016-02-23 23:30:57.641086
blue,hi,2016-02-23 23:30:57.641349
grey,hi,2016-02-23 23:30:57.641586
green,hi,2016-02-23 23:31:01.280959
blue,hi,2016-02-23 23:31:01.281273
grey,hi,2016-02-23 23:31:01.281830
green,hi,2016-02-23 23:31:01.286090
blue,hi,2016-02-23 23:31:01.286620
grey,hi,2016-02-23 23:31:01.286918
green,hi,2016-02-23 23:31:01.421186
blue,hi,2016-02-23 23:31:01.421693
grey,hi,2016-02-23 23:31:01.422027
green,hi,2016-02-23 23:31:01.423484
blue,hi,2016-02-23 23:31:01.424512
grey,hi,2016-02-23 23:31:01.425348
green,hi,2016-02-23 23:31:08.540487
blue,hi,2016-02-23 23:31:08.540802
grey,hi,2016-02-23 23:31:08.541340
green,hi,2016-02-23 23:31:08.544948
blue,hi,2016-02-23 23:31:08.545193
grey,hi,2016-02-23 23:31:08.545559
green,hi,2016-02-23 23:31:08.686102
blue,hi,2016-02-23 23:31:08.686733
grey,hi,2016-02-23 23:31:08.687763
green,hi,2016-02-23 23:31:08.692110
blue,hi,2016-02-23 23:31:08.693479
grey,hi,2016-02-23 23:31:08.694975
blue,hi,2016-02-23 23:31:09.434290
grey,hi,2016-02-23 23:31:09.434485
green,hi,2016-02-23 23:31:09.434058
green,hi,2016-02-23 23:31:16.301088
blue,hi,2016-02-23 23:31:16.301500
grey,hi,2016-02-23 23:31:16.302075
green,hi,2016-02-23 23:31:20.006746
blue,hi,2016-02-23 23:31:20.007312
grey,hi,2016-02-23 23:31:20.007654
green,hi,2016-02-23 23:31:20.008885
blue,hi,2016-02-23 23:31:20.009156
grey,hi,2016-02-23 23:31:20.009474
green,hi,2016-02-23 23:31:20.524061
blue,hi,2016-02-23 23:31:20.524385
grey,hi,2016-02-23 23:31:20.524887
green,hi,2016-02-23 23:31:20.525923
blue,hi,2016-02-23 23:31:20.526635
grey,hi,2016-02-23 23:31:20.527026
green,hi,2016-02-23 23:31:20.881003
blue,hi,2016-02-23 23:31:20.881322
grey,hi,2016-02-23 23:31:20.881603
green,hi,2016-02-23 23:31:20.884441
blue,hi,2016-02-23 23:31:20.884686
grey,hi,2016-02-23 23:31:20.884884
green,hi,2016-02-23 23:31:21.066070
blue,hi,2016-02-23 23:31:21.066510
grey,hi,2016-02-23 23:31:21.066922
grey,hi,2016-02-23 23:31:21.550114
green,hi,2016-02-23 23:31:21.551782
blue,hi,2016-02-23 23:31:21.552078
grey,hi,2016-02-23 23:31:21.552518
green,hi,2016-02-23 23:31:21.650631
blue,hi,2016-02-23 23:31:21.650913
grey,hi,2016-02-23 23:31:21.651166
green,hi,2016-02-23 23:31:21.661624
blue,hi,2016-02-23 23:31:21.661831
grey,hi,2016-02-23 23:31:21.662017
green,hi,2016-02-23 23:31:21.669845
blue,hi,2016-02-23 23:31:21.670067
grey,hi,2016-02-23 23:31:21.670394
green,hi,2016-02-23 23:31:21.672872
blue,hi,2016-02-23 23:31:21.673297
grey,hi,2016-02-23 23:31:21.673671
green,hi,2016-02-23 23:31:21.678037
blue,hi,2016-02-23 23:31:21.678350
grey,hi,2016-02-23 23:31:21.678592
green,hi,2016-02-23 23:31:21.753312
blue,hi,2016-02-23 23:31:21.753510
grey,hi,2016-02-23 23:31:21.755655
green,hi,2016-02-23 23:31:21.755247
blue,hi,2016-02-23 23:31:21.755452
green,hi,2016-02-23 23:31:21.764709
blue,hi,2016-02-23 23:31:21.764943
grey,hi,2016-02-23 23:31:21.765217
green,hi,2016-02-23 23:31:21.780076
blue,hi,2016-02-23 23:31:21.780365
grey,hi,2016-02-23 23:31:21.780592
grey,hi,2016-02-23 23:31:21.791710
green,hi,2016-02-23 23:31:21.796039
blue,hi,2016-02-23 23:31:21.796369
grey,hi,2016-02-23 23:31:21.796660
green,hi,2016-02-23 23:31:21.808317
blue,hi,2016-02-23 23:31:21.808546
grey,hi,2016-02-23 23:31:21.809977
green,hi,2016-02-23 23:31:21.816136
blue,hi,2016-02-23 23:31:21.817321
grey,hi,2016-02-23 23:31:21.819057
green,hi,2016-02-23 23:31:21.833241
blue,hi,2016-02-23 23:31:21.833862
grey,hi,2016-02-23 23:31:21.834215
blue,hi,2016-02-23 23:31:21.852028
grey,hi,2016-02-23 23:31:21.852181
green,hi,2016-02-23 23:31:21.863329
blue,hi,2016-02-23 23:31:21.863527
grey,hi,2016-02-23 23:31:21.863714
green,hi,2016-02-23 23:31:21.868652
blue,hi,2016-02-23 23:31:21.868942
grey,hi,2016-02-23 23:31:21.869597
green,hi,2016-02-23 23:31:21.873931
blue,hi,2016-02-23 23:31:21.874265
grey,hi,2016-02-23 23:31:21.876070
green,hi,2016-02-23 23:31:21.877649
blue,hi,2016-02-23 23:31:21.878049
grey,hi,2016-02-23 23:31:21.878372
green,hi,2016-02-23 23:31:21.911097
blue,hi,2016-02-23 23:31:21.911406
grey,hi,2016-02-23 23:31:21.911714
green,hi,2016-02-23 23:31:21.916864
blue,hi,2016-02-23 23:31:21.917340
grey,hi,2016-02-23 23:31:21.917762
green,hi,2016-02-23 23:31:21.922376
blue,hi,2016-02-23 23:31:21.922914
grey,hi,2016-02-23 23:31:21.925008
green,hi,2016-02-23 23:31:21.929202
blue,hi,2016-02-23 23:31:21.929697
grey,hi,2016-02-23 23:31:21.930063
green,hi,2016-02-23 23:31:21.937576
blue,hi,2016-02-23 23:31:21.938964
grey,hi,2016-02-23 23:31:21.939717
green,hi,2016-02-23 23:31:21.946380
blue,hi,2016-02-23 23:31:21.946678
grey,hi,2016-02-23 23:31:21.946954
green,hi,2016-02-23 23:31:21.975409
blue,hi,2016-02-23 23:31:21.975763
grey,hi,2016-02-23 23:31:21.976315
green,hi,2016-02-23 23:31:21.981217
blue,hi,2016-02-23 23:31:21.983583
grey,hi,2016-02-23 23:31:21.984094
green,hi,2016-02-23 23:31:21.985432
blue,hi,2016-02-23 23:31:21.985739
grey,hi,2016-02-23 23:31:21.986064
green,hi,2016-02-23 23:31:22.003887
blue,hi,2016-02-23 23:31:22.004195
grey,hi,2016-02-23 23:31:22.004480
green,hi,2016-02-23 23:31:22.167463
blue,hi,2016-02-23 23:31:22.167793
grey,hi,2016-02-23 23:31:22.168253
green,hi,2016-02-23 23:31:22.175755
blue,hi,2016-02-23 23:31:22.175950
grey,hi,2016-02-23 23:31:22.176168
green,hi,2016-02-23 23:31:22.264056
blue,hi,2016-02-23 23:31:22.264481
grey,hi,2016-02-23 23:31:22.264828
green,hi,2016-02-23 23:31:22.265940
blue,hi,2016-02-23 23:31:22.266589
grey,hi,2016-02-23 23:31:22.267003
green,hi,2016-02-23 23:31:22.410110
blue,hi,2016-02-23 23:31:22.410509
grey,hi,2016-02-23 23:31:22.411071
green,hi,2016-02-23 23:31:22.416396
blue,hi,2016-02-23 23:31:22.417126
grey,hi,2016-02-23 23:31:22.417509
green,hi,2016-02-23 23:31:22.418506
blue,hi,2016-02-23 23:31:22.419052
grey,hi,2016-02-23 23:31:22.419649
green,hi,2016-02-23 23:31:22.487629
blue,hi,2016-02-23 23:31:22.487998
grey,hi,2016-02-23 23:31:22.488625
green,hi,2016-02-23 23:31:22.489856
blue,hi,2016-02-23 23:31:22.491073
grey,hi,2016-02-23 23:31:22.491551
green,hi,2016-02-23 23:31:22.798244
blue,hi,2016-02-23 23:31:22.798676
grey,hi,2016-02-23 23:31:22.799257
green,hi,2016-02-23 23:31:22.800486
blue,hi,2016-02-23 23:31:22.801037
grey,hi,2016-02-23 23:31:22.801618
green,hi,2016-02-23 23:31:23.319817
blue,hi,2016-02-23 23:31:23.320138
grey,hi,2016-02-23 23:31:23.320508
green,hi,2016-02-23 23:31:23.321765
blue,hi,2016-02-23 23:31:23.322367
grey,hi,2016-02-23 23:31:23.322744
green,hi,2016-02-23 23:31:24.615532
blue,hi,2016-02-23 23:31:24.615848
grey,hi,2016-02-23 23:31:24.616429
green,hi,2016-02-23 23:31:24.617490
blue,hi,2016-02-23 23:31:24.618323
grey,hi,2016-02-23 23:31:24.618723
green,hi,2016-02-23 23:31:26.526740
blue,hi,2016-02-23 23:31:26.527120
grey,hi,2016-02-23 23:31:26.527708
green,hi,2016-02-23 23:31:26.530573
blue,hi,2016-02-23 23:31:26.530883
grey,hi,2016-02-23 23:31:26.531155
green,hi,2016-02-23 23:31:27.118574
blue,hi,2016-02-23 23:31:27.119088
green,hi,2016-02-23 23:31:27.120840
blue,hi,2016-02-23 23:31:27.121064
grey,hi,2016-02-23 23:31:27.121677
green,hi,2016-02-23 23:31:27.319465
green,hi,2016-02-23 23:31:27.341328
blue,hi,2016-02-23 23:31:27.341502
grey,hi,2016-02-23 23:31:27.341643
green,hi,2016-02-23 23:31:28.072753
blue,hi,2016-02-23 23:31:28.073064
grey,hi,2016-02-23 23:31:28.073590
green,hi,2016-02-23 23:31:28.078193
blue,hi,2016-02-23 23:31:28.078473
grey,hi,2016-02-23 23:31:28.078810
green,hi,2016-02-23 23:31:28.171845
blue,hi,2016-02-23 23:31:28.207381
grey,hi,2016-02-23 23:31:28.207958
green,hi,2016-02-23 23:31:28.208905
blue,hi,2016-02-23 23:31:28.209726
grey,hi,2016-02-23 23:31:28.210025
green,hi,2016-02-23 23:31:28.223713
blue,hi,2016-02-23 23:31:28.224082
grey,hi,2016-02-23 23:31:28.224538
green,hi,2016-02-23 23:31:28.448125
blue,hi,2016-02-23 23:31:28.449041
grey,hi,2016-02-23 23:31:28.450478
green,hi,2016-02-23 23:31:28.460988
blue,hi,2016-02-23 23:31:28.461840
grey,hi,2016-02-23 23:31:28.462409
green,hi,2016-02-23 23:31:28.467052
blue,hi,2016-02-23 23:31:28.467731
grey,hi,2016-02-23 23:31:28.468281
green,hi,2016-02-23 23:31:28.544863
blue,hi,2016-02-23 23:31:28.550515
grey,hi,2016-02-23 23:31:28.551228
green,hi,2016-02-23 23:31:28.588110
blue,hi,2016-02-23 23:31:28.588362
grey,hi,2016-02-23 23:31:28.588584
green,hi,2016-02-23 23:31:28.667725
blue,hi,2016-02-23 23:31:28.667983
grey,hi,2016-02-23 23:31:28.668210
green,hi,2016-02-23 23:31:28.720670
blue,hi,2016-02-23 23:31:28.721671
grey,hi,2016-02-23 23:31:28.723285
green,hi,2016-02-23 23:31:28.960110
blue,hi,2016-02-23 23:31:28.961122
grey,hi,2016-02-23 23:31:28.999136
green,hi,2016-02-23 23:31:29.000221
blue,hi,2016-02-23 23:31:29.001033
grey,hi,2016-02-23 23:31:29.027922
green,hi,2016-02-23 23:31:29.097193
blue,hi,2016-02-23 23:31:29.097392
grey,hi,2016-02-23 23:31:29.097578
green,hi,2016-02-23 23:31:29.564922
blue,hi,2016-02-23 23:31:29.565477
grey,hi,2016-02-23 23:31:29.566042
green,hi,2016-02-23 23:31:29.751055
blue,hi,2016-02-23 23:31:29.752490
grey,hi,2016-02-23 23:31:29.752849
green,hi,2016-02-23 23:31:29.888251
blue,hi,2016-02-23 23:31:29.889072
grey,hi,2016-02-23 23:31:29.889798
green,hi,2016-02-23 23:31:29.893010
blue,hi,2016-02-23 23:31:29.893629
grey,hi,2016-02-23 23:31:29.894827
green,hi,2016-02-23 23:31:29.898937
blue,hi,2016-02-23 23:31:29.900951
grey,hi,2016-02-23 23:31:29.901705
green,hi,2016-02-23 23:31:29.911663
blue,hi,2016-02-23 23:31:30.340356
grey,hi,2016-02-23 23:31:30.340862
green,hi,2016-02-23 23:31:30.342479
blue,hi,2016-02-23 23:31:30.342878
grey,hi,2016-02-23 23:31:30.343282
green,hi,2016-02-23 23:31:40.390763
blue,hi,2016-02-23 23:31:40.391092
grey,hi,2016-02-23 23:31:40.391630
green,hi,2016-02-23 23:31:55.675094
blue,hi,2016-02-23 23:31:55.675383
grey,hi,2016-02-23 23:31:55.675853
green,hi,2016-02-23 23:31:55.676868
blue,hi,2016-02-23 23:31:55.677647
grey,hi,2016-02-23 23:31:55.677882
green,hi,2016-02-23 23:31:55.842321
blue,hi,2016-02-23 23:31:55.842615
grey,hi,2016-02-23 23:31:55.922079
green,hi,2016-02-23 23:32:17.491927
blue,hi,2016-02-23 23:32:17.492096
grey,hi,2016-02-23 23:32:17.492287
green,hi,2016-02-23 23:32:17.857630
blue,hi,2016-02-23 23:32:17.858833
grey,hi,2016-02-23 23:32:17.859793
green,hi,2016-02-23 23:32:18.206425
blue,hi,2016-02-23 23:32:18.206744
grey,hi,2016-02-23 23:32:18.207213
green,hi,2016-02-23 23:32:19.066313
blue,hi,2016-02-23 23:32:19.067915
grey,hi,2016-02-23 23:32:19.069487
green,hi,2016-02-23 23:32:19.070470
blue,hi,2016-02-23 23:32:19.070760
grey,hi,2016-02-23 23:32:19.071355
green,hi,2016-02-23 23:32:19.356097
green,hi,2016-02-23 23:32:19.359261
blue,hi,2016-02-23 23:32:19.359676
grey,hi,2016-02-23 23:32:19.358043
grey,hi,2016-02-23 23:32:19.361426
green,hi,2016-02-23 23:32:19.811041
blue,hi,2016-02-23 23:32:19.811323
grey,hi,2016-02-23 23:32:19.811555
green,hi,2016-02-23 23:32:20.325863
blue,hi,2016-02-23 23:32:20.326580
grey,hi,2016-02-23 23:32:20.326961
green,hi,2016-02-23 23:32:20.328139
blue,hi,2016-02-23 23:32:20.329143
grey,hi,2016-02-23 23:32:20.329586
green,hi,2016-02-23 23:32:21.989486
blue,hi,2016-02-23 23:32:21.989815
grey,hi,2016-02-23 23:32:21.990521
green,hi,2016-02-23 23:32:24.061358
blue,hi,2016-02-23 23:32:24.062327
grey,hi,2016-02-23 23:32:24.062994
green,hi,2016-02-23 23:32:24.749975
blue,hi,2016-02-23 23:32:24.750466
grey,hi,2016-02-23 23:32:24.751249
green,hi,2016-02-23 23:32:24.752257
blue,hi,2016-02-23 23:32:24.753192
grey,hi,2016-02-23 23:32:24.753576
green,hi,2016-02-23 23:32:29.744044
blue,hi,2016-02-23 23:32:29.744377
grey,hi,2016-02-23 23:32:29.745313
green,hi,2016-02-23 23:32:29.748018
blue,hi,2016-02-23 23:32:29.748339
grey,hi,2016-02-23 23:32:29.748547
green,hi,2016-02-23 23:32:30.653622
blue,hi,2016-02-23 23:32:30.654232
grey,hi,2016-02-23 23:32:30.654678
green,hi,2016-02-23 23:32:30.658088
blue,hi,2016-02-23 23:32:30.658370
grey,hi,2016-02-23 23:32:30.658855
green,hi,2016-02-23 23:32:31.856996
blue,hi,2016-02-23 23:32:31.857308
grey,hi,2016-02-23 23:32:31.857801
green,hi,2016-02-23 23:32:31.858893
blue,hi,2016-02-23 23:32:31.859509
grey,hi,2016-02-23 23:32:31.859989
green,hi,2016-02-23 23:32:33.958722
blue,hi,2016-02-23 23:32:33.959093
grey,hi,2016-02-23 23:32:33.959599
green,hi,2016-02-23 23:32:33.960614
blue,hi,2016-02-23 23:32:33.960953
grey,hi,2016-02-23 23:32:33.961704
green,hi,2016-02-23 23:32:34.007250
blue,hi,2016-02-23 23:32:34.008004
grey,hi,2016-02-23 23:32:34.008390
green,hi,2016-02-23 23:32:34.009415
blue,hi,2016-02-23 23:32:34.010037
grey,hi,2016-02-23 23:32:34.010490
green,hi,2016-02-23 23:32:34.050938
blue,hi,2016-02-23 23:32:34.051535
grey,hi,2016-02-23 23:32:34.052046
green,hi,2016-02-23 23:32:34.053633
blue,hi,2016-02-23 23:32:34.055140
grey,hi,2016-02-23 23:32:34.055811
green,hi,2016-02-23 23:32:34.079973
blue,hi,2016-02-23 23:32:34.080324
grey,hi,2016-02-23 23:32:34.080678
green,hi,2016-02-23 23:32:35.131032
blue,hi,2016-02-23 23:32:35.132330
grey,hi,2016-02-23 23:32:35.133169
green,hi,2016-02-23 23:32:35.134072
blue,hi,2016-02-23 23:32:35.134573
grey,hi,2016-02-23 23:32:35.135059
green,hi,2016-02-23 23:32:36.151512
green,hi,2016-02-23 23:32:36.155032
blue,hi,2016-02-23 23:32:36.155280
grey,hi,2016-02-23 23:32:36.155561
green,hi,2016-02-23 23:32:37.175454
blue,hi,2016-02-23 23:32:37.175844
grey,hi,2016-02-23 23:32:37.176178
green,hi,2016-02-23 23:32:37.180084
blue,hi,2016-02-23 23:32:37.180401
grey,hi,2016-02-23 23:32:37.180751
green,hi,2016-02-23 23:32:37.184537
blue,hi,2016-02-23 23:32:37.184730
grey,hi,2016-02-23 23:32:37.184919
green,hi,2016-02-23 23:32:37.300978
blue,hi,2016-02-23 23:32:37.301393
grey,hi,2016-02-23 23:32:37.301744
green,hi,2016-02-23 23:32:37.303815
blue,hi,2016-02-23 23:32:37.304233
grey,hi,2016-02-23 23:32:37.304553
green,hi,2016-02-23 23:32:44.370730
blue,hi,2016-02-23 23:32:44.371030
grey,hi,2016-02-23 23:32:44.371478
green,hi,2016-02-23 23:32:45.320718
blue,hi,2016-02-23 23:32:45.321435
grey,hi,2016-02-23 23:32:45.321912
green,hi,2016-02-23 23:32:45.322702
blue,hi,2016-02-23 23:32:45.323536
grey,hi,2016-02-23 23:32:45.324846
green,hi,2016-02-23 23:32:46.083467
blue,hi,2016-02-23 23:32:46.083689
grey,hi,2016-02-23 23:32:46.083916
green,hi,2016-02-23 23:32:48.401963
blue,hi,2016-02-23 23:32:48.402689
grey,hi,2016-02-23 23:32:48.403284
green,hi,2016-02-23 23:32:48.405757
blue,hi,2016-02-23 23:32:48.406909
grey,hi,2016-02-23 23:32:48.407433
green,hi,2016-02-23 23:32:49.261436
blue,hi,2016-02-23 23:32:49.261901
grey,hi,2016-02-23 23:32:49.262753
green,hi,2016-02-23 23:32:49.264396
blue,hi,2016-02-23 23:32:49.265350
grey,hi,2016-02-23 23:32:49.266048
green,hi,2016-02-23 23:32:49.365983
blue,hi,2016-02-23 23:32:49.366358
grey,hi,2016-02-23 23:32:49.366846
green,hi,2016-02-23 23:32:49.677688
blue,hi,2016-02-23 23:32:49.678016
grey,hi,2016-02-23 23:32:49.678460
green,hi,2016-02-23 23:32:49.681090
blue,hi,2016-02-23 23:32:49.681443
grey,hi,2016-02-23 23:32:49.681733
green,hi,2016-02-23 23:32:49.685130
blue,hi,2016-02-23 23:32:49.685391
grey,hi,2016-02-23 23:32:49.685649
green,hi,2016-02-23 23:32:49.686455
blue,hi,2016-02-23 23:32:49.686938
grey,hi,2016-02-23 23:32:49.687654
green,hi,2016-02-23 23:32:49.790051
blue,hi,2016-02-23 23:32:49.790520
grey,hi,2016-02-23 23:32:49.790893
green,hi,2016-02-23 23:32:49.791696
blue,hi,2016-02-23 23:32:49.792031
grey,hi,2016-02-23 23:32:49.792366
green,hi,2016-02-23 23:32:50.601676
blue,hi,2016-02-23 23:32:50.602304
grey,hi,2016-02-23 23:32:50.602641
green,hi,2016-02-23 23:32:50.603610
blue,hi,2016-02-23 23:32:50.604074
grey,hi,2016-02-23 23:32:50.606231
green,hi,2016-02-23 23:33:14.236247
blue,hi,2016-02-23 23:33:14.236453
grey,hi,2016-02-23 23:33:14.236682
green,hi,2016-02-23 23:33:14.267900
blue,hi,2016-02-23 23:33:14.268107
grey,hi,2016-02-23 23:33:14.268273
green,hi,2016-02-23 23:33:14.289854
blue,hi,2016-02-23 23:33:14.290037
grey,hi,2016-02-23 23:33:14.290219
green,hi,2016-02-23 23:33:14.365842
blue,hi,2016-02-23 23:33:14.366441
grey,hi,2016-02-23 23:33:14.367464
green,hi,2016-02-23 23:33:14.587763
blue,hi,2016-02-23 23:33:14.589578
grey,hi,2016-02-23 23:33:14.590429
green,hi,2016-02-23 23:33:14.592592
blue,hi,2016-02-23 23:33:14.593513
grey,hi,2016-02-23 23:33:14.594171
green,hi,2016-02-23 23:33:15.445913
blue,hi,2016-02-23 23:33:15.446181
grey,hi,2016-02-23 23:33:15.446523
green,hi,2016-02-23 23:33:15.449853
blue,hi,2016-02-23 23:33:15.450121
grey,hi,2016-02-23 23:33:15.450552
green,hi,2016-02-23 23:33:15.600843
blue,hi,2016-02-23 23:33:15.601215
grey,hi,2016-02-23 23:33:15.601576
green,hi,2016-02-23 23:33:15.603505
blue,hi,2016-02-23 23:33:15.604568
grey,hi,2016-02-23 23:33:15.605001
green,hi,2016-02-23 23:33:16.530773
blue,hi,2016-02-23 23:33:16.531082
grey,hi,2016-02-23 23:33:16.531651
green,hi,2016-02-23 23:33:16.533030
blue,hi,2016-02-23 23:33:16.533384
grey,hi,2016-02-23 23:33:16.533965
green,hi,2016-02-23 23:33:18.488490
blue,hi,2016-02-23 23:33:18.488885
grey,hi,2016-02-23 23:33:18.489381
green,hi,2016-02-23 23:33:18.490655
blue,hi,2016-02-23 23:33:18.490938
grey,hi,2016-02-23 23:33:18.491273
green,hi,2016-02-23 23:33:24.331033
blue,hi,2016-02-23 23:33:24.331365
grey,hi,2016-02-23 23:33:24.331855
green,hi,2016-02-23 23:33:24.335445
blue,hi,2016-02-23 23:33:24.335691
grey,hi,2016-02-23 23:33:24.335935
green,hi,2016-02-23 23:33:24.338359
blue,hi,2016-02-23 23:33:24.338652
grey,hi,2016-02-23 23:33:24.338839
green,hi,2016-02-23 23:33:24.381297
blue,hi,2016-02-23 23:33:24.381639
grey,hi,2016-02-23 23:33:24.382304
green,hi,2016-02-23 23:33:24.387984
blue,hi,2016-02-23 23:33:24.388838
grey,hi,2016-02-23 23:33:24.389172
green,hi,2016-02-23 23:33:24.434126
blue,hi,2016-02-23 23:33:24.434505
grey,hi,2016-02-23 23:33:24.434818
green,hi,2016-02-23 23:33:24.437497
blue,hi,2016-02-23 23:33:24.438242
grey,hi,2016-02-23 23:33:24.438818
green,hi,2016-02-23 23:33:24.710745
blue,hi,2016-02-23 23:33:24.711334
grey,hi,2016-02-23 23:33:24.712053
green,hi,2016-02-23 23:33:24.717459
blue,hi,2016-02-23 23:33:24.718360
grey,hi,2016-02-23 23:33:24.718847
green,hi,2016-02-23 23:33:24.720946
blue,hi,2016-02-23 23:33:24.721359
grey,hi,2016-02-23 23:33:24.721729
green,hi,2016-02-23 23:33:24.798304
blue,hi,2016-02-23 23:33:24.799328
grey,hi,2016-02-23 23:33:24.800409
green,hi,2016-02-23 23:33:24.802076
blue,hi,2016-02-23 23:33:24.802887
grey,hi,2016-02-23 23:33:24.803337
green,hi,2016-02-23 23:33:26.180724
blue,hi,2016-02-23 23:33:26.181106
grey,hi,2016-02-23 23:33:26.181642
green,hi,2016-02-23 23:33:26.182729
blue,hi,2016-02-23 23:33:26.183438
grey,hi,2016-02-23 23:33:26.183972
green,hi,2016-02-23 23:33:27.007748
blue,hi,2016-02-23 23:33:27.008164
grey,hi,2016-02-23 23:33:27.008431
green,hi,2016-02-23 23:33:27.164876
blue,hi,2016-02-23 23:33:27.165153
grey,hi,2016-02-23 23:33:27.165374
green,hi,2016-02-23 23:33:29.799387
blue,hi,2016-02-23 23:33:29.800007
grey,hi,2016-02-23 23:33:29.800566
green,hi,2016-02-23 23:33:29.801815
blue,hi,2016-02-23 23:33:29.802403
grey,hi,2016-02-23 23:33:29.802692
green,hi,2016-02-23 23:33:30.919815
blue,hi,2016-02-23 23:33:30.920119
grey,hi,2016-02-23 23:33:30.920715
green,hi,2016-02-23 23:33:30.921781
blue,hi,2016-02-23 23:33:30.922108
grey,hi,2016-02-23 23:33:30.922749
green,hi,2016-02-23 23:33:36.742861
blue,hi,2016-02-23 23:33:36.743245
grey,hi,2016-02-23 23:33:36.743470
green,hi,2016-02-23 23:33:36.744658
blue,hi,2016-02-23 23:33:36.745126
grey,hi,2016-02-23 23:33:36.745648
green,hi,2016-02-23 23:33:41.170638
blue,hi,2016-02-23 23:33:41.170919
grey,hi,2016-02-23 23:33:41.171387
green,hi,2016-02-23 23:33:46.470895
blue,hi,2016-02-23 23:33:46.471245
grey,hi,2016-02-23 23:33:46.471662
green,hi,2016-02-23 23:33:52.706723
blue,hi,2016-02-23 23:33:52.707100
grey,hi,2016-02-23 23:33:52.707623
green,hi,2016-02-23 23:33:55.984353
blue,hi,2016-02-23 23:33:55.984559
grey,hi,2016-02-23 23:33:55.984816
green,hi,2016-02-23 23:33:56.793948
blue,hi,2016-02-23 23:33:56.986757
grey,hi,2016-02-23 23:33:56.987836
green,hi,2016-02-23 23:33:56.991780
blue,hi,2016-02-23 23:33:56.994021
grey,hi,2016-02-23 23:33:56.995383
green,hi,2016-02-23 23:33:57.577734
blue,hi,2016-02-23 23:33:57.578081
grey,hi,2016-02-23 23:33:57.578456
green,hi,2016-02-23 23:33:58.043952
blue,hi,2016-02-23 23:33:58.044408
grey,hi,2016-02-23 23:33:58.045024
green,hi,2016-02-23 23:33:58.047486
blue,hi,2016-02-23 23:33:58.047960
grey,hi,2016-02-23 23:33:58.048559
green,hi,2016-02-23 23:35:50.906480
blue,hi,2016-02-23 23:35:50.907276
grey,hi,2016-02-23 23:35:50.908118
green,hi,2016-02-23 23:35:50.909349
blue,hi,2016-02-23 23:35:50.910369
grey,hi,2016-02-23 23:35:50.910897
green,hi,2016-02-23 23:35:51.885560
blue,hi,2016-02-23 23:35:51.885768
grey,hi,2016-02-23 23:35:51.885948
green,hi,2016-02-23 23:35:52.089197
blue,hi,2016-02-23 23:35:52.089927
grey,hi,2016-02-23 23:35:52.090819
green,hi,2016-02-23 23:35:52.102494
blue,hi,2016-02-23 23:35:52.102770
grey,hi,2016-02-23 23:35:52.102954
green,hi,2016-02-23 23:35:52.104049
blue,hi,2016-02-23 23:35:52.104545
grey,hi,2016-02-23 23:35:52.105102
green,hi,2016-02-23 23:35:52.111751
blue,hi,2016-02-23 23:35:52.111880
grey,hi,2016-02-23 23:35:52.112217
green,hi,2016-02-23 23:35:52.114272
blue,hi,2016-02-23 23:35:52.114533
grey,hi,2016-02-23 23:35:52.114724
green,hi,2016-02-23 23:35:52.182188
blue,hi,2016-02-23 23:35:52.182420
grey,hi,2016-02-23 23:35:52.182627
green,hi,2016-02-23 23:35:52.187848
blue,hi,2016-02-23 23:35:52.188075
grey,hi,2016-02-23 23:35:52.188275
green,hi,2016-02-23 23:35:52.196961
blue,hi,2016-02-23 23:35:52.197147
grey,hi,2016-02-23 23:35:52.197360
green,hi,2016-02-23 23:35:52.392448
blue,hi,2016-02-23 23:35:52.392847
grey,hi,2016-02-23 23:35:52.393438
green,hi,2016-02-23 23:35:52.394263
blue,hi,2016-02-23 23:35:52.394741
grey,hi,2016-02-23 23:35:52.395058
green,hi,2016-02-23 23:35:54.930706
blue,hi,2016-02-23 23:35:54.931005
grey,hi,2016-02-23 23:35:54.931292
green,hi,2016-02-23 23:35:54.932327
blue,hi,2016-02-23 23:35:54.933169
grey,hi,2016-02-23 23:35:54.933419
green,hi,2016-02-23 23:35:55.592673
blue,hi,2016-02-23 23:35:55.593156
grey,hi,2016-02-23 23:35:55.593457
green,hi,2016-02-23 23:35:55.594528
blue,hi,2016-02-23 23:35:55.594751
grey,hi,2016-02-23 23:35:55.595009
green,hi,2016-02-23 23:35:55.740445
blue,hi,2016-02-23 23:35:55.740793
grey,hi,2016-02-23 23:35:55.741076
green,hi,2016-02-23 23:35:55.742416
blue,hi,2016-02-23 23:35:55.742812
grey,hi,2016-02-23 23:35:55.743538
green,hi,2016-02-23 23:35:57.070982
blue,hi,2016-02-23 23:35:57.071300
grey,hi,2016-02-23 23:35:57.071583
green,hi,2016-02-23 23:35:57.072790
blue,hi,2016-02-23 23:35:57.073059
grey,hi,2016-02-23 23:35:57.073883
green,hi,2016-02-23 23:35:58.091902
blue,hi,2016-02-23 23:35:58.092208
grey,hi,2016-02-23 23:35:58.092559
green,hi,2016-02-23 23:35:58.093414
blue,hi,2016-02-23 23:35:58.093825
grey,hi,2016-02-23 23:35:58.094335
green,hi,2016-02-23 23:35:58.820902
blue,hi,2016-02-23 23:35:58.821634
grey,hi,2016-02-23 23:35:58.822007
green,hi,2016-02-23 23:35:58.823084
blue,hi,2016-02-23 23:35:58.824012
grey,hi,2016-02-23 23:35:58.824427
green,hi,2016-02-23 23:35:58.994254
blue,hi,2016-02-23 23:35:58.994957
grey,hi,2016-02-23 23:35:58.995537
green,hi,2016-02-23 23:35:58.999092
blue,hi,2016-02-23 23:35:59.000922
grey,hi,2016-02-23 23:35:59.002252
green,hi,2016-02-23 23:35:59.569333
blue,hi,2016-02-23 23:35:59.569680
grey,hi,2016-02-23 23:35:59.570056
green,hi,2016-02-23 23:35:59.571369
blue,hi,2016-02-23 23:35:59.572172
grey,hi,2016-02-23 23:35:59.572524
green,hi,2016-02-23 23:36:00.031173
blue,hi,2016-02-23 23:36:00.031548
grey,hi,2016-02-23 23:36:00.032042
green,hi,2016-02-23 23:36:00.033524
blue,hi,2016-02-23 23:36:00.033971
grey,hi,2016-02-23 23:36:00.034237
green,hi,2016-02-23 23:36:01.075841
blue,hi,2016-02-23 23:36:01.076118
grey,hi,2016-02-23 23:36:01.076320
green,hi,2016-02-23 23:36:01.077144
blue,hi,2016-02-23 23:36:01.077587
grey,hi,2016-02-23 23:36:01.078010
green,hi,2016-02-23 23:36:01.241571
blue,hi,2016-02-23 23:36:01.242598
grey,hi,2016-02-23 23:36:01.243610
green,hi,2016-02-23 23:36:01.250993
blue,hi,2016-02-23 23:36:01.260710
grey,hi,2016-02-23 23:36:01.261322
green,hi,2016-02-23 23:36:01.262151
blue,hi,2016-02-23 23:36:01.262510
grey,hi,2016-02-23 23:36:01.262904
green,hi,2016-02-23 23:36:01.270468
blue,hi,2016-02-23 23:36:01.270994
grey,hi,2016-02-23 23:36:01.271484
green,hi,2016-02-23 23:36:01.277158
blue,hi,2016-02-23 23:36:01.277900
grey,hi,2016-02-23 23:36:01.278411
green,hi,2016-02-23 23:36:01.290111
blue,hi,2016-02-23 23:36:01.290695
grey,hi,2016-02-23 23:36:01.291109
green,hi,2016-02-23 23:36:01.292559
blue,hi,2016-02-23 23:36:01.293336
grey,hi,2016-02-23 23:36:01.293837
green,hi,2016-02-23 23:36:01.303368
blue,hi,2016-02-23 23:36:01.303872
grey,hi,2016-02-23 23:36:01.304359
green,hi,2016-02-23 23:36:01.307605
blue,hi,2016-02-23 23:36:01.307861
grey,hi,2016-02-23 23:36:01.310442
green,hi,2016-02-23 23:36:01.314629
blue,hi,2016-02-23 23:36:01.314892
grey,hi,2016-02-23 23:36:01.315207
green,hi,2016-02-23 23:36:01.316214
blue,hi,2016-02-23 23:36:01.316464
grey,hi,2016-02-23 23:36:01.316702
green,hi,2016-02-23 23:36:01.324224
blue,hi,2016-02-23 23:36:01.324434
grey,hi,2016-02-23 23:36:01.324671
green,hi,2016-02-23 23:36:01.329241
blue,hi,2016-02-23 23:36:01.331326
grey,hi,2016-02-23 23:36:01.331654
green,hi,2016-02-23 23:36:01.335895
blue,hi,2016-02-23 23:36:01.336164
grey,hi,2016-02-23 23:36:01.336402
green,hi,2016-02-23 23:36:01.339969
blue,hi,2016-02-23 23:36:01.340425
grey,hi,2016-02-23 23:36:01.340791
green,hi,2016-02-23 23:36:01.346204
blue,hi,2016-02-23 23:36:01.346548
grey,hi,2016-02-23 23:36:01.347052
green,hi,2016-02-23 23:36:02.850726
blue,hi,2016-02-23 23:36:02.851039
grey,hi,2016-02-23 23:36:02.851533
green,hi,2016-02-23 23:36:02.852946
blue,hi,2016-02-23 23:36:02.853296
grey,hi,2016-02-23 23:36:02.853566
green,hi,2016-02-23 23:36:03.901377
blue,hi,2016-02-23 23:36:03.901659
grey,hi,2016-02-23 23:36:03.901931
green,hi,2016-02-23 23:36:03.902573
blue,hi,2016-02-23 23:36:03.902961
grey,hi,2016-02-23 23:36:03.903534
blue,hi,2016-02-23 23:36:04.022557
grey,hi,2016-02-23 23:36:04.022822
green,hi,2016-02-23 23:36:04.025795
blue,hi,2016-02-23 23:36:04.026025
grey,hi,2016-02-23 23:36:04.026212
green,hi,2016-02-23 23:36:04.030958
blue,hi,2016-02-23 23:36:04.031192
grey,hi,2016-02-23 23:36:04.031418
green,hi,2016-02-23 23:36:04.069802
blue,hi,2016-02-23 23:36:04.069989
grey,hi,2016-02-23 23:36:04.070173
green,hi,2016-02-23 23:36:04.072135
blue,hi,2016-02-23 23:36:04.072443
grey,hi,2016-02-23 23:36:04.072818
green,hi,2016-02-23 23:36:04.140802
blue,hi,2016-02-23 23:36:04.141174
grey,hi,2016-02-23 23:36:04.141730
green,hi,2016-02-23 23:36:04.143024
blue,hi,2016-02-23 23:36:04.143412
grey,hi,2016-02-23 23:36:04.144121
green,hi,2016-02-23 23:36:04.151874
blue,hi,2016-02-23 23:36:04.152143
grey,hi,2016-02-23 23:36:04.152460
green,hi,2016-02-23 23:36:04.157889
blue,hi,2016-02-23 23:36:04.158130
grey,hi,2016-02-23 23:36:04.158397
green,hi,2016-02-23 23:36:04.570789
blue,hi,2016-02-23 23:36:04.571138
grey,hi,2016-02-23 23:36:04.571460
green,hi,2016-02-23 23:36:04.572635
blue,hi,2016-02-23 23:36:04.573762
grey,hi,2016-02-23 23:36:04.574292
green,hi,2016-02-23 23:36:04.707311
blue,hi,2016-02-23 23:36:04.719384
grey,hi,2016-02-23 23:36:04.720200
green,hi,2016-02-23 23:36:04.805448
blue,hi,2016-02-23 23:36:04.805795
grey,hi,2016-02-23 23:36:04.806383
green,hi,2016-02-23 23:36:04.811268
blue,hi,2016-02-23 23:36:04.811695
grey,hi,2016-02-23 23:36:04.812078
green,hi,2016-02-23 23:36:04.828709
blue,hi,2016-02-23 23:36:04.828914
grey,hi,2016-02-23 23:36:04.829245
green,hi,2016-02-23 23:36:04.974477
blue,hi,2016-02-23 23:36:04.975066
grey,hi,2016-02-23 23:36:04.975564
green,hi,2016-02-23 23:36:04.980727
blue,hi,2016-02-23 23:36:04.982193
grey,hi,2016-02-23 23:36:04.982843
green,hi,2016-02-23 23:36:04.996776
blue,hi,2016-02-23 23:36:04.997381
grey,hi,2016-02-23 23:36:04.997798
green,hi,2016-02-23 23:36:05.004426
blue,hi,2016-02-23 23:36:05.004934
grey,hi,2016-02-23 23:36:05.006045
green,hi,2016-02-23 23:36:05.014349
blue,hi,2016-02-23 23:36:05.014726
grey,hi,2016-02-23 23:36:05.015152
green,hi,2016-02-23 23:36:05.017940
blue,hi,2016-02-23 23:36:05.018158
grey,hi,2016-02-23 23:36:05.031519
green,hi,2016-02-23 23:36:05.036295
blue,hi,2016-02-23 23:36:05.036524
grey,hi,2016-02-23 23:36:05.036841
green,hi,2016-02-23 23:36:05.042345
blue,hi,2016-02-23 23:36:05.042813
grey,hi,2016-02-23 23:36:05.043113
green,hi,2016-02-23 23:36:05.048461
blue,hi,2016-02-23 23:36:05.048702
grey,hi,2016-02-23 23:36:05.048964
green,hi,2016-02-23 23:36:05.140873
blue,hi,2016-02-23 23:36:05.141590
grey,hi,2016-02-23 23:36:05.142235
green,hi,2016-02-23 23:36:05.145987
blue,hi,2016-02-23 23:36:05.146239
grey,hi,2016-02-23 23:36:05.146468
green,hi,2016-02-23 23:36:05.245018
blue,hi,2016-02-23 23:36:05.245382
grey,hi,2016-02-23 23:36:05.246112
green,hi,2016-02-23 23:36:05.249995
blue,hi,2016-02-23 23:36:05.250469
grey,hi,2016-02-23 23:36:05.250926
green,hi,2016-02-23 23:36:05.280925
blue,hi,2016-02-23 23:36:05.281317
grey,hi,2016-02-23 23:36:05.281873
green,hi,2016-02-23 23:36:05.283136
blue,hi,2016-02-23 23:36:05.283515
grey,hi,2016-02-23 23:36:05.288578
green,hi,2016-02-23 23:36:05.291968
blue,hi,2016-02-23 23:36:05.292218
grey,hi,2016-02-23 23:36:05.292558
green,hi,2016-02-23 23:36:05.391262
blue,hi,2016-02-23 23:36:05.391633
grey,hi,2016-02-23 23:36:05.392010
green,hi,2016-02-23 23:36:05.393254
blue,hi,2016-02-23 23:36:05.393609
grey,hi,2016-02-23 23:36:05.394283
green,hi,2016-02-23 23:36:05.641136
blue,hi,2016-02-23 23:36:05.641595
grey,hi,2016-02-23 23:36:05.641944
green,hi,2016-02-23 23:36:05.788468
blue,hi,2016-02-23 23:36:05.788870
grey,hi,2016-02-23 23:36:05.789288
green,hi,2016-02-23 23:36:05.790718
blue,hi,2016-02-23 23:36:05.791158
grey,hi,2016-02-23 23:36:05.791560
green,hi,2016-02-23 23:36:05.799249
blue,hi,2016-02-23 23:36:05.799526
grey,hi,2016-02-23 23:36:05.800078
green,hi,2016-02-23 23:36:05.801260
blue,hi,2016-02-23 23:36:05.801515
grey,hi,2016-02-23 23:36:05.801810
green,hi,2016-02-23 23:36:07.460928
blue,hi,2016-02-23 23:36:07.461194
grey,hi,2016-02-23 23:36:07.461699
green,hi,2016-02-23 23:36:07.570948
blue,hi,2016-02-23 23:36:07.571346
grey,hi,2016-02-23 23:36:07.571652
green,hi,2016-02-23 23:36:07.572863
blue,hi,2016-02-23 23:36:07.573637
grey,hi,2016-02-23 23:36:07.574243
green,hi,2016-02-23 23:36:10.107621
blue,hi,2016-02-23 23:36:10.107907
grey,hi,2016-02-23 23:36:10.108385
green,hi,2016-02-23 23:36:21.490643
blue,hi,2016-02-23 23:36:21.491047
grey,hi,2016-02-23 23:36:21.491551
green,hi,2016-02-23 23:36:21.492765
blue,hi,2016-02-23 23:36:21.493290
grey,hi,2016-02-23 23:36:21.493569
blue,hi,2016-02-23 23:36:52.162093
grey,hi,2016-02-23 23:36:52.162266
green,hi,2016-02-23 23:36:52.161921
green,hi,2016-02-23 23:36:52.190152
blue,hi,2016-02-23 23:36:52.190395
grey,hi,2016-02-23 23:36:52.190766
green,hi,2016-02-23 23:36:52.776894
blue,hi,2016-02-23 23:36:52.777223
grey,hi,2016-02-23 23:36:52.777438
green,hi,2016-02-23 23:36:52.778388
blue,hi,2016-02-23 23:36:52.778833
grey,hi,2016-02-23 23:36:52.779475
green,hi,2016-02-23 23:36:55.180791
blue,hi,2016-02-23 23:36:55.181201
grey,hi,2016-02-23 23:36:55.181809
green,hi,2016-02-23 23:36:55.183148
blue,hi,2016-02-23 23:36:55.184633
grey,hi,2016-02-23 23:36:55.184920
green,hi,2016-02-23 23:36:55.311291
blue,hi,2016-02-23 23:36:55.312284
grey,hi,2016-02-23 23:36:55.349875
green,hi,2016-02-23 23:36:55.352454
blue,hi,2016-02-23 23:36:55.353135
grey,hi,2016-02-23 23:36:55.358294
green,hi,2016-02-23 23:36:56.511325
blue,hi,2016-02-23 23:36:56.511858
grey,hi,2016-02-23 23:36:56.512787
green,hi,2016-02-23 23:37:15.317211
blue,hi,2016-02-23 23:37:15.317382
grey,hi,2016-02-23 23:37:15.317554
green,hi,2016-02-23 23:37:16.541030
blue,hi,2016-02-23 23:37:16.541651
grey,hi,2016-02-23 23:37:16.542094
green,hi,2016-02-23 23:37:16.543370
blue,hi,2016-02-23 23:37:16.543814
grey,hi,2016-02-23 23:37:16.544221
green,hi,2016-02-23 23:37:19.906329
blue,hi,2016-02-23 23:37:19.906635
grey,hi,2016-02-23 23:37:19.906950
green,hi,2016-02-23 23:37:19.907882
blue,hi,2016-02-23 23:37:19.908238
grey,hi,2016-02-23 23:37:19.908863
green,hi,2016-02-23 23:37:45.608819
blue,hi,2016-02-23 23:37:45.608997
grey,hi,2016-02-23 23:37:45.609179
green,hi,2016-02-23 23:37:46.152217
blue,hi,2016-02-23 23:37:46.153708
grey,hi,2016-02-23 23:37:46.297046
green,hi,2016-02-23 23:37:46.298661
blue,hi,2016-02-23 23:37:46.299227
grey,hi,2016-02-23 23:37:46.299539
grey,hi,2016-02-23 23:37:46.948438
green,hi,2016-02-23 23:37:46.948008
blue,hi,2016-02-23 23:37:46.948248
blue,hi,2016-02-23 23:37:47.461996
grey,hi,2016-02-23 23:37:47.462160
green,hi,2016-02-23 23:37:47.461819
green,hi,2016-02-23 23:37:47.624378
blue,hi,2016-02-23 23:37:47.624737
grey,hi,2016-02-23 23:37:47.625061
green,hi,2016-02-23 23:37:48.670895
blue,hi,2016-02-23 23:37:48.671264
grey,hi,2016-02-23 23:37:48.671578
green,hi,2016-02-23 23:37:48.672635
blue,hi,2016-02-23 23:37:48.673109
grey,hi,2016-02-23 23:37:48.673816
green,hi,2016-02-23 23:37:48.920861
blue,hi,2016-02-23 23:37:48.921318
grey,hi,2016-02-23 23:37:48.932216
green,hi,2016-02-23 23:37:49.081067
blue,hi,2016-02-23 23:37:49.081555
grey,hi,2016-02-23 23:37:49.082088
green,hi,2016-02-23 23:37:49.082859
blue,hi,2016-02-23 23:37:49.083269
grey,hi,2016-02-23 23:37:49.083531
green,hi,2016-02-23 23:37:49.511886
blue,hi,2016-02-23 23:37:49.512235
grey,hi,2016-02-23 23:37:49.512776
green,hi,2016-02-23 23:37:49.513842
blue,hi,2016-02-23 23:37:49.514585
grey,hi,2016-02-23 23:37:49.514990
green,hi,2016-02-23 23:37:49.735951
blue,hi,2016-02-23 23:37:49.736648
grey,hi,2016-02-23 23:37:49.737857
green,hi,2016-02-23 23:37:49.740931
blue,hi,2016-02-23 23:37:49.741764
grey,hi,2016-02-23 23:37:49.743780
green,hi,2016-02-23 23:37:50.508434
green,hi,2016-02-23 23:37:50.512040
blue,hi,2016-02-23 23:37:50.516558
grey,hi,2016-02-23 23:37:50.510089
green,hi,2016-02-23 23:37:50.606273
blue,hi,2016-02-23 23:37:50.606666
grey,hi,2016-02-23 23:37:50.607134
green,hi,2016-02-23 23:37:50.725245
blue,hi,2016-02-23 23:37:50.725964
grey,hi,2016-02-23 23:37:50.726705
green,hi,2016-02-23 23:37:50.812993
blue,hi,2016-02-23 23:37:50.813650
grey,hi,2016-02-23 23:37:50.814852
green,hi,2016-02-23 23:37:50.817553
blue,hi,2016-02-23 23:37:50.818518
grey,hi,2016-02-23 23:37:50.819772
green,hi,2016-02-23 23:37:53.152055
blue,hi,2016-02-23 23:37:53.152735
grey,hi,2016-02-23 23:37:53.153106
green,hi,2016-02-23 23:37:53.154743
blue,hi,2016-02-23 23:37:53.155217
grey,hi,2016-02-23 23:37:53.155492
green,hi,2016-02-23 23:37:53.301402
blue,hi,2016-02-23 23:37:53.301807
grey,hi,2016-02-23 23:37:53.302216
green,hi,2016-02-23 23:37:53.303350
blue,hi,2016-02-23 23:37:53.303759
grey,hi,2016-02-23 23:37:53.304472
green,hi,2016-02-23 23:37:53.520902
blue,hi,2016-02-23 23:37:53.531944
grey,hi,2016-02-23 23:37:53.532624
green,hi,2016-02-23 23:37:53.534668
blue,hi,2016-02-23 23:37:53.535190
grey,hi,2016-02-23 23:37:53.535681
green,hi,2016-02-23 23:38:00.361069
blue,hi,2016-02-23 23:38:00.361216
grey,hi,2016-02-23 23:38:00.360663
grey,hi,2016-02-23 23:38:00.450498
green,hi,2016-02-23 23:38:02.594281
blue,hi,2016-02-23 23:38:02.594742
grey,hi,2016-02-23 23:38:02.595062
green,hi,2016-02-23 23:38:02.596975
blue,hi,2016-02-23 23:38:02.597341
grey,hi,2016-02-23 23:38:02.597697
green,hi,2016-02-23 23:38:03.552463
blue,hi,2016-02-23 23:38:03.552851
grey,hi,2016-02-23 23:38:03.553453
green,hi,2016-02-23 23:38:04.464276
blue,hi,2016-02-23 23:38:04.464729
grey,hi,2016-02-23 23:38:04.465447
green,hi,2016-02-23 23:38:04.467006
blue,hi,2016-02-23 23:38:04.467540
grey,hi,2016-02-23 23:38:04.467802
green,hi,2016-02-23 23:38:14.890686
blue,hi,2016-02-23 23:38:14.891006
grey,hi,2016-02-23 23:38:14.891278
green,hi,2016-02-23 23:38:20.129786
blue,hi,2016-02-23 23:38:20.130162
grey,hi,2016-02-23 23:38:20.130609
green,hi,2016-02-23 23:38:22.481506
blue,hi,2016-02-23 23:38:22.482003
grey,hi,2016-02-23 23:38:22.482634
green,hi,2016-02-23 23:38:26.412569
blue,hi,2016-02-23 23:38:26.412879
grey,hi,2016-02-23 23:38:26.413158
green,hi,2016-02-23 23:38:27.795456
blue,hi,2016-02-23 23:38:27.795754
grey,hi,2016-02-23 23:38:27.796269
green,hi,2016-02-23 23:38:27.797240
blue,hi,2016-02-23 23:38:27.798003
grey,hi,2016-02-23 23:38:27.798430
green,hi,2016-02-23 23:38:36.055994
blue,hi,2016-02-23 23:38:36.056289
grey,hi,2016-02-23 23:38:36.056776
green,hi,2016-02-23 23:38:36.057787
blue,hi,2016-02-23 23:38:36.058282
grey,hi,2016-02-23 23:38:36.058542
green,hi,2016-02-23 23:38:43.454220
blue,hi,2016-02-23 23:38:43.454697
grey,hi,2016-02-23 23:38:43.455014
green,hi,2016-02-23 23:38:43.997259
blue,hi,2016-02-23 23:38:43.998039
grey,hi,2016-02-23 23:38:43.998716
green,hi,2016-02-23 23:38:44.000548
blue,hi,2016-02-23 23:38:44.001590
grey,hi,2016-02-23 23:38:44.002384
green,hi,2016-02-23 23:38:57.230844
blue,hi,2016-02-23 23:38:57.231188
grey,hi,2016-02-23 23:38:57.231526
green,hi,2016-02-23 23:38:57.647268
blue,hi,2016-02-23 23:38:57.647553
grey,hi,2016-02-23 23:38:57.648144
green,hi,2016-02-23 23:38:57.649098
blue,hi,2016-02-23 23:38:57.649846
grey,hi,2016-02-23 23:38:57.650143
green,hi,2016-02-23 23:38:58.336905
blue,hi,2016-02-23 23:38:58.337189
grey,hi,2016-02-23 23:38:58.337657
green,hi,2016-02-23 23:38:58.338668
blue,hi,2016-02-23 23:38:58.339185
grey,hi,2016-02-23 23:38:58.339647
green,hi,2016-02-23 23:38:59.255733
blue,hi,2016-02-23 23:38:59.256147
grey,hi,2016-02-23 23:38:59.256739
green,hi,2016-02-23 23:38:59.258284
blue,hi,2016-02-23 23:38:59.258965
grey,hi,2016-02-23 23:38:59.259347
green,hi,2016-02-23 23:38:59.303724
blue,hi,2016-02-23 23:38:59.304323
grey,hi,2016-02-23 23:38:59.304636
green,hi,2016-02-23 23:39:00.079188
blue,hi,2016-02-23 23:39:00.080021
grey,hi,2016-02-23 23:39:00.080484
green,hi,2016-02-23 23:39:00.081971
blue,hi,2016-02-23 23:39:00.082505
grey,hi,2016-02-23 23:39:00.082742
green,hi,2016-02-23 23:39:20.505733
blue,hi,2016-02-23 23:39:20.507960
grey,hi,2016-02-23 23:39:20.508719
blue,hi,2016-02-23 23:39:28.605770
grey,hi,2016-02-23 23:39:28.605977
green,hi,2016-02-23 23:39:28.605513
green,hi,2016-02-23 23:39:28.807039
blue,hi,2016-02-23 23:39:28.808184
grey,hi,2016-02-23 23:39:28.809127
green,hi,2016-02-23 23:39:29.689461
blue,hi,2016-02-23 23:39:29.689638
grey,hi,2016-02-23 23:39:29.689824
blue,hi,2016-02-23 23:39:33.631570
grey,hi,2016-02-23 23:39:33.631770
green,hi,2016-02-23 23:39:33.631314
blue,hi,2016-02-23 23:39:45.378788
grey,hi,2016-02-23 23:39:45.378988
green,hi,2016-02-23 23:39:45.378528
green,hi,2016-02-23 23:39:48.588175
green,hi,2016-02-23 23:39:48.590522
blue,hi,2016-02-23 23:39:48.589238
grey,hi,2016-02-23 23:39:48.589612
green,hi,2016-02-23 23:39:48.595670
blue,hi,2016-02-23 23:39:48.595804
grey,hi,2016-02-23 23:39:48.594840
grey,hi,2016-02-23 23:39:48.700342
green,hi,2016-02-23 23:39:49.219892
blue,hi,2016-02-23 23:39:49.220038
grey,hi,2016-02-23 23:39:49.220648
green,hi,2016-02-23 23:40:08.324643
blue,hi,2016-02-23 23:40:08.324887
grey,hi,2016-02-23 23:40:08.325296
green,hi,2016-02-23 23:40:08.870915
blue,hi,2016-02-23 23:40:08.871318
grey,hi,2016-02-23 23:40:08.871733
green,hi,2016-02-23 23:40:08.872906
blue,hi,2016-02-23 23:40:08.873269
grey,hi,2016-02-23 23:40:08.873578
green,hi,2016-02-23 23:40:12.110789
blue,hi,2016-02-23 23:40:12.111087
grey,hi,2016-02-23 23:40:12.111577
green,hi,2016-02-23 23:40:12.589619
blue,hi,2016-02-23 23:40:12.590466
grey,hi,2016-02-23 23:40:12.590816
green,hi,2016-02-23 23:40:12.591653
blue,hi,2016-02-23 23:40:12.592300
grey,hi,2016-02-23 23:40:12.592773
green,hi,2016-02-23 23:40:13.577920
blue,hi,2016-02-23 23:40:13.579293
grey,hi,2016-02-23 23:40:13.579731
green,hi,2016-02-23 23:40:14.154474
blue,hi,2016-02-23 23:40:14.154942
grey,hi,2016-02-23 23:40:14.155539
green,hi,2016-02-23 23:40:14.157485
blue,hi,2016-02-23 23:40:14.157900
grey,hi,2016-02-23 23:40:14.158290
green,hi,2016-02-23 23:40:23.346999
blue,hi,2016-02-23 23:40:23.347473
grey,hi,2016-02-23 23:40:23.348774
green,hi,2016-02-23 23:40:23.349721
blue,hi,2016-02-23 23:40:23.350688
grey,hi,2016-02-23 23:40:23.351497
green,hi,2016-02-23 23:40:23.997708
blue,hi,2016-02-23 23:40:23.999966
grey,hi,2016-02-23 23:40:24.002586
green,hi,2016-02-23 23:40:24.005958
blue,hi,2016-02-23 23:40:24.020774
grey,hi,2016-02-23 23:40:24.021471
blue,hi,2016-02-23 23:40:32.352121
grey,hi,2016-02-23 23:40:32.352296
green,hi,2016-02-23 23:40:32.351936
green,hi,2016-02-23 23:40:34.401951
blue,hi,2016-02-23 23:40:34.402127
grey,hi,2016-02-23 23:40:34.402297
green,hi,2016-02-23 23:40:34.920890
blue,hi,2016-02-23 23:40:34.921265
grey,hi,2016-02-23 23:40:34.921573
green,hi,2016-02-23 23:40:34.922731
blue,hi,2016-02-23 23:40:34.923193
grey,hi,2016-02-23 23:40:34.923781
green,hi,2016-02-23 23:40:37.600821
blue,hi,2016-02-23 23:40:37.601146
grey,hi,2016-02-23 23:40:37.601450
green,hi,2016-02-23 23:40:37.602612
blue,hi,2016-02-23 23:40:37.603336
grey,hi,2016-02-23 23:40:37.603705
green,hi,2016-02-23 23:40:54.291022
blue,hi,2016-02-23 23:40:54.291479
grey,hi,2016-02-23 23:40:54.291952
green,hi,2016-02-23 23:41:10.638886
blue,hi,2016-02-23 23:41:10.639131
grey,hi,2016-02-23 23:41:10.639331
green,hi,2016-02-23 23:41:32.710995
blue,hi,2016-02-23 23:41:32.711228
grey,hi,2016-02-23 23:41:32.711435
green,hi,2016-02-23 23:41:32.811463
blue,hi,2016-02-23 23:41:32.812268
grey,hi,2016-02-23 23:41:32.870406
green,hi,2016-02-23 23:41:34.185786
blue,hi,2016-02-23 23:41:34.186112
grey,hi,2016-02-23 23:41:34.186705
green,hi,2016-02-23 23:41:34.188068
blue,hi,2016-02-23 23:41:34.188413
grey,hi,2016-02-23 23:41:34.188673
green,hi,2016-02-23 23:41:39.270830
blue,hi,2016-02-23 23:41:39.390476
grey,hi,2016-02-23 23:41:39.391027
green,hi,2016-02-23 23:42:26.380625
blue,hi,2016-02-23 23:42:26.380944
grey,hi,2016-02-23 23:42:26.381285
green,hi,2016-02-23 23:42:42.771009
blue,hi,2016-02-23 23:42:42.771198
grey,hi,2016-02-23 23:42:42.771463
green,hi,2016-02-23 23:42:49.974645
blue,hi,2016-02-23 23:42:49.975011
grey,hi,2016-02-23 23:42:49.975573
green,hi,2016-02-23 23:42:55.589901
blue,hi,2016-02-23 23:42:55.590388
grey,hi,2016-02-23 23:42:55.590742
green,hi,2016-02-23 23:42:55.591833
blue,hi,2016-02-23 23:42:55.592491
grey,hi,2016-02-23 23:42:55.592957
green,hi,2016-02-23 23:42:55.681121
blue,hi,2016-02-23 23:42:55.681819
grey,hi,2016-02-23 23:42:55.682218
green,hi,2016-02-23 23:42:55.682999
blue,hi,2016-02-23 23:42:55.684096
grey,hi,2016-02-23 23:42:55.684559
green,hi,2016-02-23 23:42:56.111384
blue,hi,2016-02-23 23:42:56.111833
grey,hi,2016-02-23 23:42:56.112427
green,hi,2016-02-23 23:42:56.113936
blue,hi,2016-02-23 23:42:56.114962
grey,hi,2016-02-23 23:42:56.116032
green,hi,2016-02-23 23:42:56.790903
blue,hi,2016-02-23 23:42:56.791244
grey,hi,2016-02-23 23:42:56.791817
green,hi,2016-02-23 23:42:56.795212
blue,hi,2016-02-23 23:42:56.795743
grey,hi,2016-02-23 23:42:56.795976
green,hi,2016-02-23 23:42:58.320754
blue,hi,2016-02-23 23:42:58.321030
grey,hi,2016-02-23 23:42:58.321476
green,hi,2016-02-23 23:42:58.322278
blue,hi,2016-02-23 23:42:58.322525
grey,hi,2016-02-23 23:42:58.323292
green,hi,2016-02-23 23:42:59.763535
blue,hi,2016-02-23 23:42:59.763914
grey,hi,2016-02-23 23:42:59.764157
green,hi,2016-02-23 23:43:00.697324
blue,hi,2016-02-23 23:43:00.697601
grey,hi,2016-02-23 23:43:00.697920
green,hi,2016-02-23 23:43:00.763818
blue,hi,2016-02-23 23:43:00.764501
grey,hi,2016-02-23 23:43:00.765455
green,hi,2016-02-23 23:43:00.768025
blue,hi,2016-02-23 23:43:00.769096
grey,hi,2016-02-23 23:43:00.770242
green,hi,2016-02-23 23:43:02.283075
blue,hi,2016-02-23 23:43:02.283265
grey,hi,2016-02-23 23:43:02.283565
green,hi,2016-02-23 23:43:02.447447
blue,hi,2016-02-23 23:43:02.447881
grey,hi,2016-02-23 23:43:02.448208
green,hi,2016-02-23 23:43:02.449769
blue,hi,2016-02-23 23:43:02.450092
grey,hi,2016-02-23 23:43:02.450477
green,hi,2016-02-23 23:43:34.881051
blue,hi,2016-02-23 23:43:34.881273
grey,hi,2016-02-23 23:43:34.881467
blue,hi,2016-02-23 23:44:02.289596
grey,hi,2016-02-23 23:44:02.289791
green,hi,2016-02-23 23:44:02.292607
blue,hi,2016-02-23 23:44:02.295491
grey,hi,2016-02-23 23:44:02.295819
green,hi,2016-02-23 23:44:02.295217
green,hi,2016-02-23 23:44:02.814964
blue,hi,2016-02-23 23:44:02.815264
grey,hi,2016-02-23 23:44:02.815749
green,hi,2016-02-23 23:44:05.400752
blue,hi,2016-02-23 23:44:05.401029
grey,hi,2016-02-23 23:44:05.401487
green,hi,2016-02-23 23:44:05.404795
blue,hi,2016-02-23 23:44:05.405221
grey,hi,2016-02-23 23:44:05.405765
green,hi,2016-02-23 23:44:05.406656
blue,hi,2016-02-23 23:44:05.407149
grey,hi,2016-02-23 23:44:05.407775
green,hi,2016-02-23 23:44:06.313735
blue,hi,2016-02-23 23:44:06.314024
grey,hi,2016-02-23 23:44:06.314483
green,hi,2016-02-23 23:44:06.315331
blue,hi,2016-02-23 23:44:06.315623
grey,hi,2016-02-23 23:44:06.316267
